"com.mattel","","","","","","","","","","","","","","","","","","","","","","","","","","","","","","","","","","","","","","","","","","","","","","","","","","","","","","","","","","","","","","","","","","","","","","","","","","","","","","","","","","","","","","","","","","","","","","","","","","","","","","","","","","","","","","","","","","","","","","","","","","","","","","","","","","","","","","","","","","","","","","","","","","","","","","","","","","","","","","","","","","","","","","","","","","","","","","","","","","","","","","","","","","","","","","","","","","","",""
"Hoverboard","","","","","","","","","","","","","","","","","","","","","","","","","","","","","","","","","","","","","","","","","","","","","","","","","","","","","","","","","","","","","","","","","","","","","","","","","","","","","","","","","","","","","","","","","","","","","","","","","","","","","","","","","","","","","","","","","","","","","","","","","","","","","","","","","","","","","","","","","","","","","","","","","","","","","","","","","","","","","","","","","","","","","","","","","","","","","","","","","","","","","","","","","","","","","","","","","","","",""
"Boards","","","","","","","","","","","","","","","","","","","","","","","","","","","","","","","","","","","","","","","","","","","","","","","","","","","","","","","","","","","","","","","","","","","","","","","","","","","","","","","","","","","","","","","","","","","","","","","","","",""
"java.util","","","","","","","","","","","","","","","","","","","","","","","","","","","","","","","","","","","","","","","","","","","","","","","","","","","","","","","","","","","","","","","","","","","","","","","","","","","","","","","","","","","","","","","","","","","","","","","","","","","","","","","","","","","","","","","","","","","","","","","","","","","","","","","","","","","","","","","","","","","","","","","","","","","","","","","","","","","","","","","","","","","","","","","","","","","","","","","","","","","","","","","","","","","","","","","","","","","",""
"List","","","","","","","","","","","","","","","","","","","","","","","","","","","","","","","","","","","","","","","","","","","","","","","","","","","","","","","","","","","","","","","","","","","","","","","","","","","","","","","","","","","","","","","","","","","","","","","","","",""
"ArrayList","","","","","","","","","","","","","","","","","","","","","","","","","","","","","","","","","","","","","","","","","","","","","","","","","","","","","","","","","","","","","","","","","","","","","","","","","","","","","","","","","","","","","","","","","","","","","","","","","",""
"beyond","b","b","b","b","b","b","b","b","b","b","b","b","b","b","b","b","b","b","b","b","b","b","b","b","b","b","b","b","b","b","b","b","b","b","b","b","b","b","b","b","b","b","b","b","b","b","b","b","b","b","b","b","b","b","b","b","b","b","b","b","b","b","b","b","b","b","b","b","b","b","b","b","b","b","b","b","b","b","b","b","b","b","b","b","b","b","b","b","b","b","b","b","b","b","b","b","b","b"
"$T result = new $T<>()","$T result = new $T<","$T result = new $T<","$T result = new $T<","$T result = new $T<","$T result = new $T<","$T result = new $T<","$T result = new $T<","$T result = new $T<","$T result = new $T<","$T result = new $T<","$T result = new $T<","$T result = new $T<","$T result = new $T<","$T result = new $T<","$T result = new $T<","$T result = new $T<","$T result = new $T<","$T result = new $T<","$T result = new $T<","$T result = new $T<","$T result = new $T<","$T result = new $T<","$T result = new $T<","$T result = new $T<","$T result = new $T<","$T result = new $T<","$T result = new $T<","$T result = new $T<","$T result = new $T<","$T result = new $T<","$T result = new $T<","$T result = new $T<","$T result = new $T<","$T result = new $T<","$T result = new $T<","$T result = new $T<","$T result = new $T<","$T result = new $T<","$T result = new $T<","$T result = new $T<","$T result = new $T<","$T result = new $T<","$T result = new $T<","$T result = new $T<","$T result = new $T<","$T result = new $T<","$T result = new $T<","$T result = new $T<","$T result = new $T<","$T result = new $T<","$T result = new $T<","$T result = new $T<","$T result = new $T<","$T result = new $T<","$T result = new $T<","$T result = new $T<","$T result = new $T<","$T result = new $T<","$T result = new $T<","$T result = new $T<","$T result = new $T<","$T result = new $T<","$T result = new $T<","$T result = new $T<","$T result = new $T<","$T result = new $T<","$T result = new $T<","$T result = new $T<","$T result = new $T<","$T result = new $T<","$T result = new $T<","$T result = new $T<","$T result = new $T<","$T result = new $T<","$T result = new $T<","$T result = new $T<","$T result = new $T<","$T result = new $T<","$T result = new $T<","$T result = new $T<","$T result = new $T<","$T result = new $T<","$T result = new $T<","$T result = new $T<","$T result = new $T<","$T result = new $T<","$T result = new $T<","$T result = new $T<","$T result = new $T<","$T result = new $T<","$T result = new $T<","$T result = new $T<","$T result = new $T<","$T result = new $T<","$T result = new $T<","$T result = new $T<","$T result = new $T<","$T result = new $T<"
"result.add($T.createNimbus(2000))","result.add($T.","result.add($T.","result.add($T.","result.add($T.","result.add($T.","result.add($T.","result.add($T.","result.add($T.","result.add($T.","result.add($T.","result.add($T.","result.add($T.","result.add($T.","result.add($T.","result.add($T.","result.add($T.","result.add($T.","result.add($T.","result.add($T.","result.add($T.","result.add($T.","result.add($T.","result.add($T.","result.add($T.","result.add($T.","result.add($T.","result.add($T.","result.add($T.","result.add($T.","result.add($T.","result.add($T.","result.add($T.","result.add($T.","result.add($T.","result.add($T.","result.add($T.","result.add($T.","result.add($T.","result.add($T.","result.add($T.","result.add($T.","result.add($T.","result.add($T.","result.add($T.","result.add($T.","result.add($T.","result.add($T.","result.add($T.","result.add($T.","result.add($T.","result.add($T.","result.add($T.","result.add($T.","result.add($T.","result.add($T.","result.add($T.","result.add($T.","result.add($T.","result.add($T.","result.add($T.","result.add($T.","result.add($T.","result.add($T.","result.add($T.","result.add($T.","result.add($T.","result.add($T.","result.add($T.","result.add($T.","result.add($T.","result.add($T.","result.add($T.","result.add($T.","result.add($T.","result.add($T.","result.add($T.","result.add($T.","result.add($T.","result.add($T.","result.add($T.","result.add($T.","result.add($T.","result.add($T.","result.add($T.","result.add($T.","result.add($T.","result.add($T.","result.add($T.","result.add($T.","result.add($T.","result.add($T.","result.add($T.","result.add($T.","result.add($T.","result.add($T.","result.add($T.","result.add($T.","result.add($T."
"result.add($T.createNimbus(\"2001\"))","result.add($T.","result.add($T.","result.add($T.","result.add($T.","result.add($T.","result.add($T.","result.add($T.","result.add($T.","result.add($T.","result.add($T.","result.add($T.","result.add($T.","result.add($T.","result.add($T.","result.add($T.","result.add($T.","result.add($T.","result.add($T.","result.add($T.","result.add($T.","result.add($T.","result.add($T.","result.add($T.","result.add($T.","result.add($T.","result.add($T.","result.add($T.","result.add($T.","result.add($T.","result.add($T.","result.add($T.","result.add($T.","result.add($T.","result.add($T.","result.add($T.","result.add($T.","result.add($T.","result.add($T.","result.add($T.","result.add($T.","result.add($T.","result.add($T.","result.add($T.","result.add($T.","result.add($T.","result.add($T.","result.add($T.","result.add($T.","result.add($T.","result.add($T.","result.add($T.","result.add($T.","result.add($T.","result.add($T.","result.add($T.","result.add($T.","result.add($T.","result.add($T.","result.add($T.","result.add($T.","result.add($T.","result.add($T.","result.add($T.","result.add($T.","result.add($T.","result.add($T.","result.add($T.","result.add($T.","result.add($T.","result.add($T.","result.add($T.","result.add($T.","result.add($T.","result.add($T.","result.add($T.","result.add($T.","result.add($T.","result.add($T.","result.add($T.","result.add($T.","result.add($T.","result.add($T.","result.add($T.","result.add($T.","result.add($T.","result.add($T.","result.add($T.","result.add($T.","result.add($T.","result.add($T.","result.add($T.","result.add($T.","result.add($T.","result.add($T.","result.add($T.","result.add($T.","result.add($T.","result.add($T."
"result.add($T.createNimbus($T.THUNDERBOLT))","result.add($T.createNimbus($T.","result.add($T.createNimbus($T.","result.add($T.createNimbus($T.","result.add($T.createNimbus($T.","result.add($T.createNimbus($T.","result.add($T.createNimbus($T.","result.add($T.createNimbus($T.","result.add($T.createNimbus($T.","result.add($T.createNimbus($T.","result.add($T.createNimbus($T.","result.add($T.createNimbus($T.","result.add($T.createNimbus($T.","result.add($T.createNimbus($T.","result.add($T.createNimbus($T.","result.add($T.createNimbus($T.","result.add($T.createNimbus($T.","result.add($T.createNimbus($T.","result.add($T.createNimbus($T.","result.add($T.createNimbus($T.","result.add($T.createNimbus($T.","result.add($T.createNimbus($T.","result.add($T.createNimbus($T.","result.add($T.createNimbus($T.","result.add($T.createNimbus($T.","result.add($T.createNimbus($T.","result.add($T.createNimbus($T.","result.add($T.createNimbus($T.","result.add($T.createNimbus($T.","result.add($T.createNimbus($T.","result.add($T.createNimbus($T.","result.add($T.createNimbus($T.","result.add($T.createNimbus($T.","result.add($T.createNimbus($T.","result.add($T.createNimbus($T.","result.add($T.createNimbus($T.","result.add($T.createNimbus($T.","result.add($T.createNimbus($T.","result.add($T.createNimbus($T.","result.add($T.createNimbus($T.","result.add($T.createNimbus($T.","result.add($T.createNimbus($T.","result.add($T.createNimbus($T.","result.add($T.createNimbus($T.","result.add($T.createNimbus($T.","result.add($T.createNimbus($T.","result.add($T.createNimbus($T.","result.add($T.createNimbus($T.","result.add($T.createNimbus($T.","result.add($T.createNimbus($T.","result.add($T.createNimbus($T.","result.add($T.createNimbus($T.","result.add($T.createNimbus($T.","result.add($T.createNimbus($T.","result.add($T.createNimbus($T.","result.add($T.createNimbus($T.","result.add($T.createNimbus($T.","result.add($T.createNimbus($T.","result.add($T.createNimbus($T.","result.add($T.createNimbus($T.","result.add($T.createNimbus($T.","result.add($T.createNimbus($T.","result.add($T.createNimbus($T.","result.add($T.createNimbus($T.","result.add($T.createNimbus($T.","result.add($T.createNimbus($T.","result.add($T.createNimbus($T.","result.add($T.createNimbus($T.","result.add($T.createNimbus($T.","result.add($T.createNimbus($T.","result.add($T.createNimbus($T.","result.add($T.createNimbus($T.","result.add($T.createNimbus($T.","result.add($T.createNimbus($T.","result.add($T.createNimbus($T.","result.add($T.createNimbus($T.","result.add($T.createNimbus($T.","result.add($T.createNimbus($T.","result.add($T.createNimbus($T.","result.add($T.createNimbus($T.","result.add($T.createNimbus($T.","result.add($T.createNimbus($T.","result.add($T.createNimbus($T.","result.add($T.createNimbus($T.","result.add($T.createNimbus($T.","result.add($T.createNimbus($T.","result.add($T.createNimbus($T.","result.add($T.createNimbus($T.","result.add($T.createNimbus($T.","result.add($T.createNimbus($T.","result.add($T.createNimbus($T.","result.add($T.createNimbus($T.","result.add($T.createNimbus($T.","result.add($T.createNimbus($T.","result.add($T.createNimbus($T.","result.add($T.createNimbus($T.","result.add($T.createNimbus($T.","result.add($T.createNimbus($T.","result.add($T.createNimbus($T."
"$T.sort(result)","$T.","$T.","$T.","$T.","$T.","$T.","$T.","$T.","$T.","$T.","$T.","$T.","$T.","$T.","$T.","$T.","$T.","$T.","$T.","$T.","$T.","$T.","$T.","$T.","$T.","$T.","$T.","$T.","$T.","$T.","$T.","$T.","$T.","$T.","$T.","$T.","$T.","$T.","$T.","$T.","$T.","$T.","$T.","$T.","$T.","$T.","$T.","$T.","$T.","$T.","$T.","$T.","$T.","$T.","$T.","$T.","$T.","$T.","$T.","$T.","$T.","$T.","$T.","$T.","$T.","$T.","$T.","$T.","$T.","$T.","$T.","$T.","$T.","$T.","$T.","$T.","$T.","$T.","$T.","$T.","$T.","$T.","$T.","$T.","$T.","$T.","$T.","$T.","$T.","$T.","$T.","$T.","$T.","$T.","$T.","$T.","$T.","$T."
"return result.isEmpty() $T.emptyList() : result","return result.isEmpty() $T","return result.isEmpty() $T","return result.isEmpty() $T","return result.isEmpty() $T","return result.isEmpty() $T","return result.isEmpty() $T","return result.isEmpty() $T","return result.isEmpty() $T","return result.isEmpty() $T","return result.isEmpty() $T","return result.isEmpty() $T","return result.isEmpty() $T","return result.isEmpty() $T","return result.isEmpty() $T","return result.isEmpty() $","return result.isEmpty() $T","return result.isEmpty() $T","return result.isEmpty() $T","return result.isEmpty() $T","return result.isEmpty() $T","return result.isEmpty() $T","return result.isEmpty() $T","return result.isEmpty() $T","return result.isEmpty() $T","return result.isEmpty() $T","return result.isEmpty() $T","return result.isEmpty() $T","return result.isEmpty() $T","return result.isEmpty() $T","return result.isEmpty() $T","return result.isEmpty() $T","return result.isEmpty() $T","return result.isEmpty() $T","return result.isEmpty() $T","return result.isEmpty() $T","return result.isEmpty() $T","return result.isEmpty() $T","return result.isEmpty() $T","return result.isEmpty() $T","return result.isEmpty() $T","return result.isEmpty() $T","return result.isEmpty() $T","return result.isEmpty() $T","return result.isEmpty() $T","return result.isEmpty() $T","return result.isEmpty() $T","return result.isEmpty() $T","return result.isEmpty() $T","return result.isEmpty() $T","return result.isEmpty() $T","return result.isEmpty() $T","return result.isEmpty() $T","return result.isEmpty() $T","return result.isEmpty() $T","return result.isEmpty() $T","return result.isEmpty() $T","return result.isEmpty() $T","return result.isEmpty() $T","return result.isEmpty() $T","return result.isEmpty() $T","return result.isEmpty() $T","return result.isEmpty() $T","return result.isEmpty() $T","return result.isEmpty() $T","return result.isEmpty() $T","return result.isEmpty() $T","return result.isEmpty() $T","return result.isEmpty() $T","return result.isEmpty() $T","return result.isEmpty() $T","return result.isEmpty() $T","return result.isEmpty() $T","return result.isEmpty() $T","return result.isEmpty() $T","return result.isEmpty() $T","return result.isEmpty() $T","return result.isEmpty() $T","return result.isEmpty() $T","return result.isEmpty() $T","return result.isEmpty() $T","return result.isEmpty() $T","return result.isEmpty() $T","return result.isEmpty() $T","return result.isEmpty() $T","return result.isEmpty() $T","return result.isEmpty() $T","return result.isEmpty() $T","return result.isEmpty() $T","return result.isEmpty() $T","return result.isEmpty() $T","return result.isEmpty() $T","return result.isEmpty() $T","return result.isEmpty() $T","return result.isEmpty() $T","return result.isEmpty() $T","return result.isEmpty() $T","return result.isEmpty() $T","return result.isEmpty() $T"
"HelloWorld","","","","","","","","","","","","","","","","","","","","","","","","","","","","","","","","","","","","","","","","","","","","","","","","","","","","","","","","","","","","","","","","","","","","","","","","","","","","","","","","","","","","","","","","","","","","","","","","","",""
"com.example.helloworld","","","","","","","","","","","","","","","","","","","","","","","","","","","","","","","","","","","","","","","","","","","","","","","","","","","","","","","","","","","","","","","","","","","","","","","","","","","","","","","","","","","","","","","","","","","","","","","","","",""
"createNimbus","","","","","","","","","","","","","","","","","","","","","","","","","","","","","","","","","","","","","","","","","","","","","","","","","","","","","","","","","","","","","","","","","","","","","","","","","","","","","","","","","","","","","","","","","","","","","","","","","",""
"*","","","","","","","","","","","","","","","","","","","","","","","","","","","","","","","","","","","","","","","","","","","","","","","","","","","","","","","","","","","","","","","","","","","","","","","","","","","","","","","","","","","","","","","","","","","","","","","","","","","","","","","","","","","","","","","","","","","","","","","","","","","","","","","","","","","","","","","","","","","","","","","","","","","","","","","","","","","","","","","","","","","","","","","","","","","","","","","","","","","","","","","","","","","","","","","","","","","",""
